{"cameraMode":{"drawMode":0,"name":"Shaded","section":"Shading Mode"},"sceneLighting":false,"audioPlay":false,"sceneViewState":{"m_AlwaysRefresh":false,"showFog":true,"showSkybox":false,"showFlares":true,"showImageEffects":true,"showParticleSystems":true,"showVisualEffectGraphs":true,"m_FxEnabled":true},"in2DMode":false,"pivot":{"x":-0.005575507879257202,"y":0.623416543006897,"z":0.027339458465576173},"rotation":{"x":0.25014957785606387,"y":0.16774514317512513,"z":-0.04404643550515175,"w":0.9525591135025024},"size":0.8414697647094727,"orthographic":false}