{"cameraMode":{"drawMode":0,"name":"Shaded","section":"Shading Mode"},"sceneLighting":false,"audioPlay":false,"sceneViewState":{"m_AlwaysRefresh":false,"showFog":true,"showSkybox":false,"showFlares":true,"showImageEffects":true,"showParticleSystems":true,"showVisualEffectGraphs":true,"m_FxEnabled":true},"in2DMode":false,"pivot":{"x":-0.41573861241340639,"y":0.5509415864944458,"z":-0.07325518131256104},"rotation":{"x":0.09239836782217026,"y":-0.5159688591957092,"z":0.0561060793697834,"w":0.8497650027275086},"size":0.858122706413269,"orthographic":false}