{"cameraMode":{"drawMode":0,"name":"Shaded","section":"Shading Mode"},"sceneLighting":false,"audioPlay":false,"sceneViewState":{"m_AlwaysRefresh":false,"showFog":true,"showSkybox":false,"showFlares":true,"showImageEffects":true,"showParticleSystems":true,"showVisualEffectGraphs":true,"m_FxEnabled":true},"in2DMode":false,"pivot":{"x":-0.052433162927627566,"y":0.12053071707487107,"z":0.003531426191329956},"rotation":{"x":0.25014957785606387,"y":0.16774514317512513,"z":-0.04404643550515175,"w":0.9525591135025024},"size":0.11801397055387497,"orthographic":false}